{"qq": [[0.087890625, 0.087890625, 0.0068359375, 0.05078125, 0.0224609375, 0.07421875, 0.005859375, 0.037109375, 0.01953125, 0.0205078125, 0.00390625, 0.0087890625, 0.02734375, 0.025390625, 0.0205078125, 0.0380859375, 0.0146484375, 0.0322265625, 0.0810546875, 0.0478515625, 0.0107421875, 0.0419921875, 0.0126953125, 0.01953125, 0.03515625, 0.04296875, 0.0146484375, 0.0322265625, 0.0224609375, 0.0146484375, 0.0185546875, 0.021484375]], "cc": [[0.037109375, 0.00390625, 0.0029296875, 0.0869140625, 0.00390625, 0.068359375, 0.0107421875, 0.044921875, 0.0078125, 0.001953125, 0.009765625, 0.0, 0.0810546875, 0.0126953125, 0.0283203125, 0.041015625, 0.005859375, 0.0126953125, 0.0625, 0.021484375, 0.0087890625, 0.0478515625, 0.005859375, 0.0107421875, 0.056640625, 0.0458984375, 0.046875, 0.0322265625, 0.07421875, 0.0048828125, 0.052734375, 0.0693359375]], "qc": [[0.037109375, 0.00390625, 0.0029296875, 0.0869140625, 0.00390625, 0.068359375, 0.0107421875, 0.044921875, 0.0078125, 0.001953125, 0.009765625, 0.0, 0.0810546875, 0.0126953125, 0.0283203125, 0.041015625, 0.005859375, 0.0126953125, 0.0625, 0.021484375, 0.0087890625, 0.0478515625, 0.005859375, 0.0107421875, 0.056640625, 0.0458984375, 0.046875, 0.0322265625, 0.07421875, 0.0048828125, 0.052734375, 0.0693359375]]}