{"qq": [[0.142578125, 0.01953125, 0.0361328125, 0.0146484375, 0.0341796875, 0.009765625, 0.0107421875, 0.0634765625, 0.0107421875, 0.0478515625, 0.0205078125, 0.046875, 0.041015625, 0.0166015625, 0.05078125, 0.013671875, 0.01953125, 0.04296875, 0.0380859375, 0.04296875, 0.0224609375, 0.0439453125, 0.015625, 0.03515625, 0.0087890625, 0.0205078125, 0.025390625, 0.017578125, 0.025390625, 0.0224609375, 0.0205078125, 0.01953125]], "cc": [[0.029296875, 0.0341796875, 0.0029296875, 0.0, 0.046875, 0.0, 0.0029296875, 0.0439453125, 0.0, 0.056640625, 0.05078125, 0.0732421875, 0.0634765625, 0.0009765625, 0.0732421875, 0.001953125, 0.015625, 0.0146484375, 0.0283203125, 0.03125, 0.0146484375, 0.0517578125, 0.013671875, 0.0849609375, 0.0048828125, 0.04296875, 0.0546875, 0.001953125, 0.0400390625, 0.03515625, 0.0302734375, 0.0546875]], "qc": [[0.029296875, 0.0341796875, 0.0029296875, 0.0, 0.046875, 0.0, 0.0029296875, 0.0439453125, 0.0, 0.056640625, 0.05078125, 0.0732421875, 0.0634765625, 0.0009765625, 0.0732421875, 0.001953125, 0.015625, 0.0146484375, 0.0283203125, 0.03125, 0.0146484375, 0.0517578125, 0.013671875, 0.0849609375, 0.0048828125, 0.04296875, 0.0546875, 0.001953125, 0.0400390625, 0.03515625, 0.0302734375, 0.0546875]]}