{"qq": [[0.1142578125, 0.076171875, 0.0400390625, 0.0224609375, 0.0205078125, 0.0576171875, 0.048828125, 0.0107421875, 0.017578125, 0.0224609375, 0.015625, 0.015625, 0.0078125, 0.0126953125, 0.0205078125, 0.005859375, 0.1201171875, 0.0361328125, 0.0205078125, 0.03125, 0.0341796875, 0.03125, 0.0439453125, 0.013671875, 0.0166015625, 0.0390625, 0.0166015625, 0.021484375, 0.0234375, 0.0146484375, 0.01953125, 0.0087890625]], "cc": [[0.0009765625, 0.001953125, 0.0419921875, 0.0498046875, 0.0009765625, 0.052734375, 0.046875, 0.0146484375, 0.05078125, 0.0751953125, 0.0234375, 0.02734375, 0.001953125, 0.005859375, 0.0625, 0.0, 0.0732421875, 0.0673828125, 0.0068359375, 0.017578125, 0.0224609375, 0.041015625, 0.0751953125, 0.0, 0.0, 0.08203125, 0.021484375, 0.0146484375, 0.0693359375, 0.017578125, 0.0302734375, 0.00390625]], "qc": [[0.0009765625, 0.001953125, 0.0419921875, 0.0498046875, 0.0009765625, 0.052734375, 0.046875, 0.0146484375, 0.05078125, 0.0751953125, 0.0234375, 0.02734375, 0.001953125, 0.005859375, 0.0625, 0.0, 0.0732421875, 0.0673828125, 0.0068359375, 0.017578125, 0.0224609375, 0.041015625, 0.0751953125, 0.0, 0.0, 0.08203125, 0.021484375, 0.0146484375, 0.0693359375, 0.017578125, 0.0302734375, 0.00390625]]}